https://raw.githubusercontent.com/person-v132/SciOlyID-Images/master/fossil-id/rfts/3c 273/beb5e4a085530982423a30e9b110ed4ce81a290b.jpeg,c3d63eebe1340e42
https://raw.githubusercontent.com/person-v132/SciOlyID-Images/master/fossil-id/rfts/3c 273/15ba1b9691a42829c269a13c37086204f57f8c32.jpeg,f8f0f0f0f8f0f0c0
https://raw.githubusercontent.com/person-v132/SciOlyID-Images/master/fossil-id/rfts/3c 273/1f43b83a2b55068dbd5ff182f24ba95ec633570e.jpeg,99cd663099cb6674
https://raw.githubusercontent.com/person-v132/SciOlyID-Images/master/fossil-id/rfts/3c 273/da04d6937a6413b9fa9bdceb56d0ec10a7e7f017.jpeg,e1e1e0f3eb271609
https://raw.githubusercontent.com/person-v132/SciOlyID-Images/master/fossil-id/rfts/3c 273/b81b74a100829ff6f012d92a25fe7c777a15a989.jpeg,995226add8a7669a
https://raw.githubusercontent.com/person-v132/SciOlyID-Images/master/fossil-id/rfts/3c 273/8b0d480866b47e54629a7a6d2e202be383b6dc53.jpeg,cc6333cccc33378c
https://raw.githubusercontent.com/person-v132/SciOlyID-Images/master/fossil-id/rfts/3c 273/ef402b2de0bd36ecc4c00b7bb8028136a5dc94cb.jpeg,cc63339ccc63339c
https://raw.githubusercontent.com/person-v132/SciOlyID-Images/master/fossil-id/rfts/ngc 2623/23061c9c6d79e16df2e1868e35edc5110174aad3.jpeg,998d6672998d6e32
https://raw.githubusercontent.com/person-v132/SciOlyID-Images/master/fossil-id/rfts/ngc 2623/99ad8b8a2805c03556860048cad0bdd01f3493c9.jpeg,d2ed33168d99d261
https://raw.githubusercontent.com/person-v132/SciOlyID-Images/master/fossil-id/rfts/ngc 2623/0c0ba7aaf65861c68735caf9a1e350f7c9cc28dd.jpeg,999d2663db9c2661
https://raw.githubusercontent.com/person-v132/SciOlyID-Images/master/fossil-id/rfts/ngc 2623/b6a537348e344aa1717866e79dc91a71b4a050f1.png,d98b735b89c923d0
https://raw.githubusercontent.com/person-v132/SciOlyID-Images/master/fossil-id/rfts/ngc 2623/9bf54666c7f3b388f4f0da0b6534ed0d56e56d7b.jpeg,cccc3333cd9c332c
https://raw.githubusercontent.com/person-v132/SciOlyID-Images/master/fossil-id/rfts/ngc 2623/686fcd4b7a9e460a6bb37aabce6313ec823ffcd5.jpeg,cc6333cf9918669c
https://raw.githubusercontent.com/person-v132/SciOlyID-Images/master/fossil-id/rfts/ngc 2623/5cfa7dd8bb281956c3f0c688950896d14c547876.jpeg,9b9b6464939bc964
https://raw.githubusercontent.com/person-v132/SciOlyID-Images/master/fossil-id/rfts/bullet cluster (1e 0657-56)/81403aec4c33aabeb54f94851fc6603d504339a4.jpeg,ce3931c792b0656d
https://raw.githubusercontent.com/person-v132/SciOlyID-Images/master/fossil-id/rfts/bullet cluster (1e 0657-56)/a5e9f9ef8bf6a27722399631ae03c3915e652654.jpeg,c77271c3a6161b1d
https://raw.githubusercontent.com/person-v132/SciOlyID-Images/master/fossil-id/rfts/bullet cluster (1e 0657-56)/454ad9165ec94c31c4ddceb70b6949db6d6a5d39.jpeg,98d36169e4d6e469
https://raw.githubusercontent.com/person-v132/SciOlyID-Images/master/fossil-id/rfts/bullet cluster (1e 0657-56)/f04fc4334f8f5f3358f06ced6348e12924cfdfd2.png,df1eb1698016866f
https://raw.githubusercontent.com/person-v132/SciOlyID-Images/master/fossil-id/rfts/bullet cluster (1e 0657-56)/fa3528a04f2f9b0600cb6a9a5c156eb1a018f7ee.jpeg,c4be7b6b8595030b
https://raw.githubusercontent.com/person-v132/SciOlyID-Images/master/fossil-id/rfts/bullet cluster (1e 0657-56)/17f87c013526c5298f4b5f1ac0f76d783f62efa1.jpeg,c8197266d9997666
https://raw.githubusercontent.com/person-v132/SciOlyID-Images/master/fossil-id/rfts/m87/ef1cb3fb774bfdf322cff3a1a0f57164c120b326.jpeg,cc663399c63299c7
https://raw.githubusercontent.com/person-v132/SciOlyID-Images/master/fossil-id/rfts/m87/tmp,8cd973a6c953274a
https://raw.githubusercontent.com/person-v132/SciOlyID-Images/master/fossil-id/rfts/macs j0717.5+3745/ed7fe489b2bd39e231188fc6b26ddfd06ebd9cac.jpeg,96b475ba4a5a4a2d
https://raw.githubusercontent.com/person-v132/SciOlyID-Images/master/fossil-id/rfts/macs j0717.5+3745/c3b0c19ad6b47e9368ae16c0ac4c4dd2e3c90f84.jpeg,8eb971cde6b0a630
https://raw.githubusercontent.com/person-v132/SciOlyID-Images/master/fossil-id/rfts/macs j0717.5+3745/a00697b12cc12b14776f4dacc1c0570002b62b30.jpeg,8d9d736446f19a2c
https://raw.githubusercontent.com/person-v132/SciOlyID-Images/master/fossil-id/rfts/macs j0717.5+3745/ca5ce52e6e703227a8e766a5ab15ec614768abbf.png,9cb3634cd4b332cc
https://raw.githubusercontent.com/person-v132/SciOlyID-Images/master/fossil-id/rfts/macs j1149.5+2223/0548f116cf37b00709ab027afb06f0b022f8755b.png,d966bd4a274c4aa6
https://raw.githubusercontent.com/person-v132/SciOlyID-Images/master/fossil-id/rfts/macs j1149.5+2223/3589b3a3867e30c6d9027ab4230c85799f075143.png,952e495ae495696e
https://raw.githubusercontent.com/person-v132/SciOlyID-Images/master/fossil-id/rfts/macs j1149.5+2223/a3e5868f30eead9cd4b7ce3c8fd3baeb71d89552.png,df5da664a851a075
https://raw.githubusercontent.com/person-v132/SciOlyID-Images/master/fossil-id/rfts/macs j1149.5+2223/6f32a61194c40721a5ccdb15bd70bdc94aaec37c.jpeg,b9cd3333266c9364